Year,Extraversion,Number of Texters,Hours of Sleep,Handedness,Sleep Side
First,2,6,8,Ambidextrous, back
First,7,10,7,Ambidextrous, stomach
Second,4,5,7,Ambidextrous, left side
Third,6,8,7,Ambidextrous, back
Fourth or above,3,4,7,Ambidextrous, right side
Second,3,10,6,Ambidextrous, left side
Second,1,3,3,Ambidextrous, back
Third,2,4,6,Ambidextrous, stomach
Fourth or above,8,3,6,Left-handed, left side
Fourth or above,3,3,6,Left-handed, right side
First,8,5,7,Left-handed, stomach
First,8,5,6,Left-handed, right side
First,6,2,8,Left-handed, left side
First,5,8,7,Left-handed, back
First,3,3,7,Left-handed, back
First,4,15,7,Left-handed, right side
First,8,25,7,Left-handed, left side
First,4,1,8,Left-handed, back
First,5,5,6,Left-handed, back
First,6,5,8,Left-handed, back
First,8,6,7,Left-handed, left side
First,5,7,6,Left-handed, left side
First,8,10,6,Left-handed, back
First,7,8,6,Left-handed, back
First,3,4,6,Left-handed, right side
First,5,3,7,Left-handed, back
First,2,5,8,Left-handed, back
First,8,5,7,Left-handed, left side
First,8,7,8,Left-handed, stomach
First,8,35,7,Left-handed, right side
First,9,3,6.5,Left-handed, stomach
First,6,4,8,Left-handed, back
First,10,7,8,Left-handed, right side
First,6,10,5,Left-handed, right side
First,4,10,9,Left-handed, left side
First,5,2,8,Left-handed, left side
First,10,10,7,Left-handed, left side
First,8,6,6,Left-handed, right side
First,7,10,7,Left-handed, stomach
First,6,10,7,Left-handed, stomach
First,9,10,7,Left-handed, right side
First,5,6,7,Left-handed, back
First,5,6,7,Left-handed, back
First,7,2,6,Left-handed, back
Fourth or above,5,3,6,Left-handed, left side
Fourth or above,4,8,7,Left-handed, left side
Fourth or above,7,4,6,Left-handed, right side
Fourth or above,10,6,7,Left-handed, stomach
Fourth or above,3,3,7,Left-handed, right side
Fourth or above,10,10,6,Left-handed, left side
Fourth or above,6,4,7,Left-handed, back
Fourth or above,6,3,6,Left-handed, back
Fourth or above,3,4,7.5,Left-handed, stomach
Second,2,10,9,Left-handed, stomach
Second,7,5,7,Left-handed, stomach
Second,2,2,8,Left-handed, right side
Second,4,5,7,Left-handed, left side
Second,8,8,7,Left-handed, left side
Second,6,5,7.5,Left-handed, left side
Second,7,6,7,Left-handed, stomach
Second,6,7,7,Left-handed, back
Second,10,25,7,Left-handed, stomach
Second,3,6,8,Left-handed, right side
Second,9,5,7,Left-handed, right side
Second,6,10,6,Left-handed, back
Second,4,3,7,Left-handed, right side
Second,6,6,6,Left-handed, stomach
Second,2,2,8,Left-handed, left side
Second,8,10,8,Left-handed, back
Second,6,6,6,Left-handed, back
Second,8,10,7,Left-handed, back
Second,3,8,6,Left-handed, right side
Second,7,15,6,Left-handed, right side
Second,8,7,7,Left-handed, back
Second,4,3,6,Left-handed, stomach
Second,3,15,8,Left-handed, stomach
Second,6,5,7,Left-handed, right side
Second,8,15,7,Left-handed, stomach
Second,4,0,8,Left-handed, back
Second,3,3,7,Left-handed, left side
Second,6,15,8,Left-handed, left side
Second,5,5,6,Left-handed, left side
Second,7,6,6,Left-handed, back
Second,7,6,8,Left-handed, right side
Second,7,10,9,Left-handed, left side
Second,7,12,8,Left-handed, left side
Third,6,3,7,Left-handed, right side
Third,8,2,7,Left-handed, left side
Third,3,5,7,Left-handed, stomach
Third,3,3,6,Left-handed, left side
Third,5,5,7,Left-handed, stomach
Third,10,5,8,Left-handed, right side
Third,5,2,7,Left-handed, right side
Third,6,15,7,Left-handed, stomach
Third,4,3,7,Left-handed, right side
Third,7,3,8,Left-handed, back
Third,5,3,9,Left-handed, right side
Third,8,5,7,Left-handed, right side
Third,7,20,8,Left-handed, back
Third,8,15,8,Left-handed, left side
Third,3,8,8,Left-handed, right side
Third,4,0,8,Left-handed, right side
Third,2,2,7,Left-handed, back
Third,6,5,7,Left-handed, right side
Third,7,9,9,Left-handed, right side
Third,4,4,7,Left-handed, back
Third,7,7,8,Left-handed, back
Third,5,3,8,Left-handed, left side
Third,8,5,8,Left-handed, stomach
Third,8,5,6,Left-handed, right side
Third,7,10,7,Left-handed, back
Fourth or above,6,5,7,Right-handed, right side
Fourth or above,3,4,7,Right-handed, right side
Fourth or above,3,1,7,Right-handed, back
Fourth or above,1,0,7,Right-handed, back
Fourth or above,6,5,7,Right-handed, stomach
Fourth or above,10,4,4,Right-handed, left side
Fourth or above,3,3,7,Right-handed, stomach
Fourth or above,8,10,8,Right-handed, right side
Fourth or above,5,4,7,Right-handed, left side
Fourth or above,3,4,8,Right-handed, stomach
Fourth or above,3,5,8,Right-handed, right side
Fourth or above,4,2,8,Right-handed, stomach
Fourth or above,8,12,6,Right-handed, left side
Fourth or above,7,3,7,Right-handed, back
Fourth or above,4,1,6.5,Right-handed, back
Fourth or above,8,3,8,Right-handed, left side
Fourth or above,4,3,8,Right-handed, stomach
Fourth or above,4,5,7,Right-handed, back
Fourth or above,6,15,6,Right-handed, left side
Fourth or above,4,6,7,Right-handed, back
Fourth or above,8,5,7,Right-handed, left side
Fourth or above,10,5,6,Right-handed, back
Fourth or above,4,3,7,Right-handed, right side
Fourth or above,3,3,6,Right-handed, right side
First,5,30,8,Right-handed, stomach
First,7,5,7,Right-handed, back
First,10,15,6,Right-handed, right side
First,1,2,6,Right-handed, right side
First,4,10,6,Right-handed, left side
First,6,5,7,Right-handed, stomach
First,7,6,7,Right-handed, back
First,4,10,7.5,Right-handed, right side
First,8,10,8.5,Right-handed, left side
First,5,7,7,Right-handed, right side
First,3,8,6,Right-handed, right side
First,8,15,7,Right-handed, right side
First,2,5,7,Right-handed, right side
First,5,6,6,Right-handed, back
First,5,10,8,Right-handed, back
First,9,12,8,Right-handed, right side
First,4,2,8,Right-handed, right side
First,4,4,8,Right-handed, back
First,9,14,6,Right-handed, left side
First,5,7,5,Right-handed, back
First,8,6,8,Right-handed, right side
First,6,15,7,Right-handed, stomach
First,4,5,8,Right-handed, left side
First,7,15,6,Right-handed, right side
First,3,5,9,Right-handed, left side
First,4,6,6,Right-handed, left side
First,3,7,7,Right-handed, back
First,2,10,7,Right-handed, back
First,6,5,7.5,Right-handed, stomach
First,9,8,7,Right-handed, right side
First,3,6,7.5,Right-handed, back
First,8,5,8,Right-handed, stomach
First,4,8,7,Right-handed, right side
First,7,15,7,Right-handed, right side
First,3,3,7.5,Right-handed, stomach
First,3,2,7,Right-handed, right side
First,7,10,6,Right-handed, back
First,2,2,7,Right-handed, left side
First,4,5,7,Right-handed, stomach
First,8,5,8.5,Right-handed, back
First,6,10,8,Right-handed, stomach
First,4,4,7,Right-handed, right side
First,6,12,7,Right-handed, back
First,8,4,7,Right-handed, right side
First,4,20,8,Right-handed, right side
First,6,12,7,Right-handed, stomach
First,5,6,6.5,Right-handed, right side
First,7,5,8,Right-handed, right side
First,7,5,7,Right-handed, right side
First,6,3,7,Right-handed, back
First,5,10,7,Right-handed, left side
First,5,2,7,Right-handed, left side
First,6,8,6,Right-handed, left side
First,4,0,6,Right-handed, back
First,3,3,6,Right-handed, stomach
First,3,4,7,Right-handed, left side
First,7,10,7,Right-handed, left side
First,7,15,6,Right-handed, back
First,8,20,7.5,Right-handed, stomach
First,4,5,7.5,Right-handed, left side
First,4,7,6,Right-handed, back
First,5,2,8,Right-handed, right side
First,3,10,6,Right-handed, right side
First,6,12,8,Right-handed, right side
First,3,3,7,Right-handed, left side
First,8,13,7,Right-handed, back
First,8,6,7,Right-handed, right side
First,6,10,8,Right-handed, right side
First,4,10,9,Right-handed, left side
First,3,3,7,Right-handed, back
First,9,9,7,Right-handed, back
First,9,10,8,Right-handed, back
First,4,3,8,Right-handed, back
First,4,5,7,Right-handed, back
First,8,10,7,Right-handed, left side
First,3,8,7,Right-handed, left side
First,3,8,8,Right-handed, right side
First,2,2,9,Right-handed, back
First,7,2,7,Right-handed, left side
First,8,10,7.5,Right-handed, right side
First,5,10,6,Right-handed, right side
First,5,15,6,Right-handed, left side
First,6,20,7.5,Right-handed, left side
First,6,5,8,Right-handed, right side
First,8,10,8,Right-handed, stomach
First,5,5,8,Right-handed, right side
First,3,10,7,Right-handed, right side
First,8,5,7,Right-handed, left side
First,8,5,7,Right-handed, back
First,7,5,8,Right-handed, right side
First,9,5,7,Right-handed, right side
First,5,5,7,Right-handed, stomach
First,7,10,7,Right-handed, back
First,3,8,9,Right-handed, left side
First,4,4,10,Right-handed, left side
First,3,7,7,Right-handed, right side
First,6,10,6,Right-handed, left side
First,4,4,8,Right-handed, left side
First,6,3,7,Right-handed, right side
First,7,8,7,Right-handed, right side
First,6,15,7,Right-handed, back
First,8,10,8,Right-handed, left side
First,5,20,8,Right-handed, right side
First,8,10,6,Right-handed, right side
First,2,1,8,Right-handed, right side
First,9,5,6,Right-handed, left side
First,5,20,7,Right-handed, right side
First,7,3,5,Right-handed, back
First,5,12,7.5,Right-handed, right side
First,6,10,8,Right-handed, right side
First,4,14,7,Right-handed, back
First,5,0,7,Right-handed, right side
First,1,1,4,Right-handed, right side
First,4,4,7,Right-handed, left side
First,7,10,7,Right-handed, right side
First,8,8,7,Right-handed, back
First,3,2,7,Right-handed, left side
First,4,7,8,Right-handed, right side
First,6,4,8,Right-handed, left side
First,8,5,7,Right-handed, right side
First,7,10,8,Right-handed, right side
First,3,7,7,Right-handed, back
First,4,5,8,Right-handed, back
First,6,10,7,Right-handed, back
First,6,1,7,Right-handed, back
First,8,6,7,Right-handed, right side
First,6,8,9,Right-handed, back
First,8,10,8,Right-handed, right side
First,7,17,7.5,Right-handed, back
First,5,2,6,Right-handed, right side
First,7,7,7,Right-handed, stomach
First,4,2,7,Right-handed, right side
First,8,20,7,Right-handed, right side
First,5,10,6,Right-handed, left side
First,4,5,8,Right-handed, back
First,8,4,7,Right-handed, stomach
First,8,10,7,Right-handed, left side
First,8,6,7,Right-handed, right side
First,5,10,8,Right-handed, back
First,7,5,8,Right-handed, back
First,8,8,7,Right-handed, left side
First,9,10,8,Right-handed, back
First,8,13,8,Right-handed, stomach
First,2,1,7,Right-handed, stomach
First,3,5,6.5,Right-handed, right side
First,3,2,9,Right-handed, back
First,3,2,6,Right-handed, back
First,7,9,7,Right-handed, right side
First,8,45,5,Right-handed, back
First,4,5,7,Right-handed, stomach
First,6,6,6,Right-handed, right side
First,5,10,8,Right-handed, stomach
First,6,10,6,Right-handed, left side
First,7,15,7,Right-handed, right side
First,5,4,9,Right-handed, back
First,4,5,7,Right-handed, left side
First,7,10,6,Right-handed, right side
First,8,5,8,Right-handed, back
First,3,3,7,Right-handed, back
First,7,5,8,Right-handed, left side
First,6,8,6,Right-handed, back
First,8,4,8,Right-handed, left side
First,5,5,7,Right-handed, right side
First,4,9,7,Right-handed, back
First,4,5,7,Right-handed, left side
First,7,7,7.5,Right-handed, right side
First,7,12,7,Right-handed, back
First,2,1,8,Right-handed, stomach
First,5,3,8,Right-handed, right side
First,10,15,5,Right-handed, left side
First,3,7,7,Right-handed, left side
First,5,2,8,Right-handed, back
First,2,2,7,Right-handed, left side
First,5,10,9,Right-handed, right side
First,4,3,7,Right-handed, back
First,7,15,7,Right-handed, back
First,7,12,8,Right-handed, right side
First,7,13,7,Right-handed, left side
First,7,12,6,Right-handed, left side
First,6,13,7,Right-handed, left side
First,4,4,8,Right-handed, stomach
First,4,5,8,Right-handed, left side
First,6,10,7,Right-handed, right side
First,7,5,8,Right-handed, stomach
First,7,10,7,Right-handed, left side
First,8,10,8,Right-handed, back
First,9,4,6,Right-handed, right side
First,4,4,6,Right-handed, back
First,4,8,6,Right-handed, stomach
First,7,15,9,Right-handed, back
First,3,3,8,Right-handed, right side
First,3,3,7.5,Right-handed, left side
First,5,5,7,Right-handed, back
First,5,5,9,Right-handed, left side
First,9,7,6,Right-handed, right side
First,6,15,6,Right-handed, back
First,7,10,6,Right-handed, right side
First,8,14,7,Right-handed, stomach
First,7,5,7,Right-handed, left side
First,9,15,6,Right-handed, stomach
First,7,6,8,Right-handed, right side
First,4,5,7,Right-handed, back
First,4,6,7,Right-handed, right side
First,8,5,6,Right-handed, right side
First,7,18,6,Right-handed, left side
First,6,5,7,Right-handed, left side
First,6,3,7,Right-handed, right side
First,8,10,9,Right-handed, left side
First,8,17,7,Right-handed, right side
First,8,5,8,Right-handed, left side
First,8,7,7,Right-handed, back
First,8,10,7,Right-handed, right side
First,7,5,8,Right-handed, left side
First,8,10,8,Right-handed, back
First,6,2,7,Right-handed, right side
First,6,7,9,Right-handed, left side
First,5,30,7.5,Right-handed, stomach
First,6,10,7,Right-handed, stomach
First,7,40,7,Right-handed, right side
First,6,4,8,Right-handed, left side
First,6,7,8,Right-handed, stomach
First,6,6,7,Right-handed, back
First,6,4,8,Right-handed, back
First,8,3,8,Right-handed, back
First,3,10,7,Right-handed, right side
First,5,20,7.5,Right-handed, right side
First,7,15,8,Right-handed, right side
First,3,7,7,Right-handed, right side
First,7,5,7,Right-handed, right side
First,2,5,7,Right-handed, back
First,6,30,6,Right-handed, right side
First,7,30,7,Right-handed, stomach
First,10,140,7.5,Right-handed, right side
First,10,20,7,Right-handed, back
First,4,4,7,Right-handed, left side
First,6,5,7,Right-handed, left side
First,4,0,6,Right-handed, left side
First,8,7,6,Right-handed, left side
First,5,3,7,Right-handed, back
First,4,10,7,Right-handed, back
First,6,7,8,Right-handed, left side
First,6,15,6,Right-handed, left side
First,6,6,7,Right-handed, back
First,4,5,6,Right-handed, left side
First,6,6,7,Right-handed, left side
First,7,3,7,Right-handed, back
First,6,9,6,Right-handed, back
First,7,10,8,Right-handed, left side
First,5,7,9,Right-handed, left side
First,8,10,6,Right-handed, left side
First,8,4,5,Right-handed, stomach
First,5,4,8,Right-handed, left side
First,7,3,6,Right-handed, left side
First,5,10,7,Right-handed, stomach
First,6,6,8.5,Right-handed, stomach
First,9,6,8,Right-handed, stomach
First,4,8,6,Right-handed, back
First,7,5,7,Right-handed, left side
First,4,4,7,Right-handed, right side
First,8,3,8,Right-handed, left side
First,6,6,7,Right-handed, right side
First,5,4,6,Right-handed, right side
First,6,5,8,Right-handed, stomach
First,3,4,7,Right-handed, back
First,3,3,7,Right-handed, left side
First,8,15,6,Right-handed, back
First,5,6,8,Right-handed, left side
First,4,5,6,Right-handed, left side
First,7,8,7,Right-handed, stomach
First,7,4,6,Right-handed, right side
First,6,3,7,Right-handed, right side
First,8,40,6,Right-handed, stomach
First,9,10,7,Right-handed, stomach
First,6,4,7,Right-handed, back
First,3,4,7,Right-handed, left side
First,7,5,6,Right-handed, back
First,7,6,7,Right-handed, right side
First,3,2,7,Right-handed, right side
First,6,5,7,Right-handed, left side
First,8,5,7,Right-handed, back
First,4,8,7,Right-handed, back
First,4,5,8,Right-handed, right side
First,4,8,7,Right-handed, back
First,8,7,5,Right-handed, stomach
First,4,6,7,Right-handed, right side
First,6,7,6,Right-handed, right side
First,9,7,6,Right-handed, left side
First,7,11,6,Right-handed, stomach
First,8,7,7,Right-handed, right side
First,8,4,9,Right-handed, back
First,8,10,6,Right-handed, right side
First,7,10,6,Right-handed, right side
First,8,8,8,Right-handed, back
First,4,10,7,Right-handed, left side
First,8,10,7,Right-handed, right side
First,8,12,7,Right-handed, right side
First,10,20,7,Right-handed, back
First,7,4,7,Right-handed, left side
First,7,9,7,Right-handed, stomach
First,3,10,7.5,Right-handed, left side
First,10,5,8,Right-handed, back
First,5,25,7,Right-handed, left side
First,3,17,7,Right-handed, right side
First,8,8,7,Right-handed, stomach
First,3,10,7,Right-handed, left side
First,6,5,7,Right-handed, back
First,6,1,5,Right-handed, back
First,3,3,6,Right-handed, back
First,3,9,7,Right-handed, right side
First,4,10,7,Right-handed, right side
First,8,20,6,Right-handed, left side
First,8,10,7,Right-handed, right side
First,6,10,6,Right-handed, left side
First,7,75,6,Right-handed, stomach
First,6,12,7,Right-handed, left side
First,8,8,7,Right-handed, right side
First,10,30,6,Right-handed, right side
First,3,5,7,Right-handed, right side
First,8,5,8,Right-handed, stomach
First,6,10,1,Right-handed, right side
First,8,7,7,Right-handed, stomach
First,7,10,7,Right-handed, back
First,4,5,7,Right-handed, right side
First,7,8,7,Right-handed, back
First,3,1,6,Right-handed, left side
First,7,4,7,Right-handed, back
First,7,5,6,Right-handed, right side
First,6,4,6,Right-handed, left side
First,5,5,7.5,Right-handed, back
First,6,3,7,Right-handed, right side
First,9,4,6,Right-handed, stomach
First,8,10,7,Right-handed, stomach
First,7,25,7,Right-handed, right side
First,3,6,7,Right-handed, stomach
First,3,7,7,Right-handed, stomach
First,5,5,7,Right-handed, right side
First,6,5,7,Right-handed, left side
First,8,10,8,Right-handed, stomach
First,7,8,7,Right-handed, left side
First,4,5,7,Right-handed, stomach
First,7,10,6,Right-handed, left side
First,3,10,8,Right-handed, right side
First,6,10,7,Right-handed, left side
First,8,20,7,Right-handed, right side
First,6,12,7,Right-handed, right side
First,5,2,7,Right-handed, right side
First,6,10,7,Right-handed, left side
First,6,3,8,Right-handed, back
First,7,1,8,Right-handed, left side
First,9,15,8,Right-handed, right side
First,7,10,7,Right-handed, right side
First,5,5,7,Right-handed, stomach
First,5,4,7,Right-handed, stomach
First,6,5,7,Right-handed, right side
First,4,3,7,Right-handed, stomach
First,4,10,5,Right-handed, left side
First,2,10,8,Right-handed, back
First,3,2,6,Right-handed, stomach
First,7,15,8,Right-handed, right side
First,7,5,7,Right-handed, right side
First,7,10,7,Right-handed, back
First,3,3,7,Right-handed, left side
First,9,15,6,Right-handed, left side
First,7,15,8,Right-handed, right side
First,5,6,8,Right-handed, right side
First,7,10,7,Right-handed, left side
First,6,10,7,Right-handed, right side
First,4,23,7.5,Right-handed, left side
First,7,7,7,Right-handed, left side
First,4,7,7,Right-handed, right side
First,1,4,6,Right-handed, right side
First,8,6,6,Right-handed, right side
First,7,8,8,Right-handed, right side
First,8,20,8,Right-handed, right side
First,7,7,7,Right-handed, left side
First,3,3,6,Right-handed, left side
First,7,8,6,Right-handed, back
First,4,15,7,Right-handed, left side
First,7,5,7,Right-handed, right side
First,6,5,7,Right-handed, left side
First,5,2,6,Right-handed, back
First,3,5,8,Right-handed, right side
First,5,10,8,Right-handed, right side
First,8,13,6,Right-handed, left side
First,1,4,8,Right-handed, left side
First,6,25,7,Right-handed, right side
First,7,20,5,Right-handed, right side
First,4,5,6,Right-handed, left side
First,6,10,7,Right-handed, back
First,7,1,7,Right-handed, back
First,3,1,7,Right-handed, right side
First,7,15,7,Right-handed, back
First,5,5,7,Right-handed, back
First,5,4,7,Right-handed, stomach
First,7,5,9,Right-handed, stomach
First,3,3,6,Right-handed, back
First,7,8,8,Right-handed, left side
First,4,8,8,Right-handed, stomach
First,6,1,7,Right-handed, right side
First,7,10,7,Right-handed, back
First,7,5,7,Right-handed, left side
First,8,20,8,Right-handed, right side
First,7,15,6,Right-handed, back
First,4,5,6,Right-handed, right side
First,10,15,6,Right-handed, left side
First,7,10,8,Right-handed, right side
First,8,7,6,Right-handed, stomach
First,4,3,6,Right-handed, stomach
First,8,3,7,Right-handed, right side
First,6,6,7,Right-handed, stomach
First,7,5,6,Right-handed, right side
First,2,10,7,Right-handed, left side
First,7,15,5,Right-handed, stomach
First,4,6,6.5,Right-handed, left side
First,5,10,7,Right-handed, right side
First,5,20,6,Right-handed, stomach
Fourth or above,8,3,7,Right-handed, back
Fourth or above,9,3,7,Right-handed, left side
Fourth or above,8,15,7,Right-handed, back
Fourth or above,4,5,7,Right-handed, back
Fourth or above,5,2,8,Right-handed, back
Fourth or above,10,5,6.5,Right-handed, back
Fourth or above,7,10,8,Right-handed, back
Fourth or above,3,2,9,Right-handed, back
Fourth or above,7,8,7,Right-handed, back
Fourth or above,4,1,8,Right-handed, back
Fourth or above,7,5,7,Right-handed, left side
Fourth or above,2,2,8,Right-handed, stomach
Fourth or above,6,5,8,Right-handed, back
Fourth or above,5,3,7.5,Right-handed, stomach
Fourth or above,3,5,7,Right-handed, left side
Fourth or above,9,8,6,Right-handed, left side
Fourth or above,4,2,4,Right-handed, stomach
Fourth or above,5,2,8,Right-handed, right side
Fourth or above,2,0,8,Right-handed, left side
Fourth or above,5,5,6,Right-handed, left side
Fourth or above,4,2,6,Right-handed, right side
Fourth or above,6,3,6,Right-handed, back
Fourth or above,2,1,8,Right-handed, right side
Fourth or above,3,4,6,Right-handed, stomach
Fourth or above,5,5,7,Right-handed, right side
Fourth or above,2,0,8,Right-handed, back
Fourth or above,4,5,7.5,Right-handed, right side
Fourth or above,6,3,7,Right-handed, left side
Fourth or above,6,2,8,Right-handed, right side
Fourth or above,6,15,8,Right-handed, right side
Fourth or above,5,5,8,Right-handed, right side
Fourth or above,7,8,7.5,Right-handed, right side
Fourth or above,3,10,7.5,Right-handed, back
Fourth or above,4,3,7,Right-handed, left side
Fourth or above,2,5,6,Right-handed, back
Fourth or above,9,8,6,Right-handed, left side
Fourth or above,7,4,7,Right-handed, left side
Fourth or above,8,15,6,Right-handed, right side
Fourth or above,7,6,7,Right-handed, left side
Fourth or above,7,3,7,Right-handed, left side
Fourth or above,5,4,7,Right-handed, stomach
Fourth or above,7,5,9,Right-handed, stomach
Fourth or above,5,20,8,Right-handed, right side
Fourth or above,7,15,6,Right-handed, right side
Fourth or above,7,5,7,Right-handed, right side
Fourth or above,7,10,6,Right-handed, right side
Fourth or above,4,5,7,Right-handed, left side
Fourth or above,5,2,7,Right-handed, stomach
Fourth or above,8,10,7,Right-handed, right side
Fourth or above,3,8,8,Right-handed, right side
Fourth or above,8,11,7,Right-handed, right side
Fourth or above,5,1,7,Right-handed, left side
Fourth or above,7,20,7,Right-handed, stomach
Fourth or above,4,4,6,Right-handed, left side
Fourth or above,6,5,7,Right-handed, back
Fourth or above,7,2,7,Right-handed, right side
Fourth or above,8,15,8,Right-handed, right side
Fourth or above,2,3,8,Right-handed, right side
Fourth or above,7,6,7,Right-handed, right side
Fourth or above,9,7,7,Right-handed, right side
Fourth or above,7,5,7,Right-handed, right side
Fourth or above,8,6,7,Right-handed, right side
Fourth or above,8,10,7,Right-handed, right side
Fourth or above,8,10,5,Right-handed, back
Fourth or above,8,2,6,Right-handed, left side
Fourth or above,7,15,7,Right-handed, stomach
Fourth or above,7,4,7,Right-handed, right side
Fourth or above,5,4,8,Right-handed, right side
Fourth or above,8,10,7,Right-handed, stomach
Fourth or above,2,5,7,Right-handed, back
Fourth or above,6,37,8,Right-handed, stomach
Fourth or above,6,6,7,Right-handed, stomach
Fourth or above,1,2,8,Right-handed, right side
Fourth or above,5,4,7,Right-handed, stomach
Fourth or above,2,0,8.5,Right-handed, left side
Fourth or above,8,5,8,Right-handed, right side
Fourth or above,3,1,8,Right-handed, left side
Fourth or above,3,3,6,Right-handed, back
Fourth or above,6,5,7,Right-handed, right side
Fourth or above,3,2,7,Right-handed, back
Fourth or above,3,5,5,Right-handed, left side
Fourth or above,5,5,7,Right-handed, right side
Fourth or above,5,5,7,Right-handed, right side
Fourth or above,3,4,6,Right-handed, right side
Fourth or above,9,2,6,Right-handed, right side
Fourth or above,3,4,7,Right-handed, back
Fourth or above,5,4,7,Right-handed, stomach
Fourth or above,5,5,6,Right-handed, back
Fourth or above,4,20,8,Right-handed, stomach
Fourth or above,3,2,8,Right-handed, back
Fourth or above,3,2,6,Right-handed, stomach
Fourth or above,8,7,4,Right-handed, left side
Fourth or above,5,6,7,Right-handed, right side
Fourth or above,5,3,7,Right-handed, stomach
Fourth or above,8,5,8,Right-handed, left side
Fourth or above,7,2,8,Right-handed, back
Fourth or above,6,3,7,Right-handed, stomach
Fourth or above,8,5,7,Right-handed, back
Fourth or above,5,5,7,Right-handed, back
Fourth or above,3,4,8,Right-handed, stomach
Second,4,8,8,Right-handed, stomach
Second,9,5,8,Right-handed, left side
Second,9,20,9,Right-handed, left side
Second,4,15,7,Right-handed, stomach
Second,7,5,7,Right-handed, left side
Second,5,15,6,Right-handed, stomach
Second,4,10,8,Right-handed, right side
Second,6,3,6,Right-handed, left side
Second,7,8,7,Right-handed, stomach
Second,6,16,8,Right-handed, right side
Second,8,6,5,Right-handed, stomach
Second,5,3,7,Right-handed, left side
Second,5,10,8,Right-handed, stomach
Second,4,3,7,Right-handed, back
Second,6,4,8,Right-handed, left side
Second,3,4,7.5,Right-handed, right side
Second,4,7,8,Right-handed, back
Second,7,20,8,Right-handed, left side
Second,5,10,8,Right-handed, left side
Second,6,20,7,Right-handed, stomach
Second,9,10,9,Right-handed, right side
Second,3,2,8,Right-handed, right side
Second,4,4,7,Right-handed, right side
Second,9,8,6,Right-handed, right side
Second,8,30,6,Right-handed, right side
Second,5,2,8,Right-handed, right side
Second,4,7,6,Right-handed, back
Second,5,6,7,Right-handed, left side
Second,5,7,8,Right-handed, right side
Second,4,5,7,Right-handed, left side
Second,4,4,7,Right-handed, left side
Second,2,5,7,Right-handed, back
Second,3,2,6,Right-handed, left side
Second,9,11,8,Right-handed, left side
Second,3,7,8,Right-handed, right side
Second,7,15,8,Right-handed, right side
Second,5,4,8,Right-handed, stomach
Second,5,5,7,Right-handed, back
Second,4,4,7,Right-handed, right side
Second,8,5,7,Right-handed, stomach
Second,4,4,7,Right-handed, left side
Second,8,5,7,Right-handed, back
Second,5,5,6,Right-handed, stomach
Second,4,8,7,Right-handed, left side
Second,8,15,7,Right-handed, back
Second,10,5,6,Right-handed, right side
Second,7,5,6,Right-handed, back
Second,6,3,7,Right-handed, stomach
Second,4,6,7,Right-handed, right side
Second,4,8,6,Right-handed, right side
Second,4,4,6,Right-handed, left side
Second,5,4,8,Right-handed, left side
Second,9,5,6,Right-handed, left side
Second,3,3,7,Right-handed, right side
Second,3,4,7,Right-handed, left side
Second,3,5,7,Right-handed, stomach
Second,4,5,7,Right-handed, left side
Second,9,10,8,Right-handed, back
Second,3,3,7,Right-handed, stomach
Second,6,10,7,Right-handed, left side
Second,8,10,7,Right-handed, back
Second,6,5,7,Right-handed, right side
Second,9,25,7.5,Right-handed, right side
Second,7,6,7,Right-handed, right side
Second,7,10,7,Right-handed, stomach
Second,10,5,7.5,Right-handed, right side
Second,2,5,8,Right-handed, back
Second,5,5,6,Right-handed, left side
Second,9,15,6,Right-handed, back
Second,8,10,7,Right-handed, right side
Second,9,5,6,Right-handed, right side
Second,6,15,8,Right-handed, back
Second,4,4,7,Right-handed, stomach
Second,8,5,7.5,Right-handed, right side
Second,8,6,7,Right-handed, right side
Second,5,3,9,Right-handed, left side
Second,7,2,8,Right-handed, right side
Second,7,7,7,Right-handed, right side
Second,3,5,8,Right-handed, stomach
Second,3,5,8,Right-handed, stomach
Second,7,7,6,Right-handed, back
Second,8,20,6,Right-handed, right side
Second,2,5,6,Right-handed, right side
Second,4,15,7,Right-handed, back
Second,3,6,8,Right-handed, left side
Second,8,5,6,Right-handed, back
Second,5,3,5,Right-handed, right side
Second,3,6,7,Right-handed, back
Second,5,3,6,Right-handed, right side
Second,4,2,7,Right-handed, back
Second,6,5,6,Right-handed, left side
Second,8,4,6,Right-handed, left side
Second,2,3,7,Right-handed, back
Second,9,18,8,Right-handed, right side
Second,3,10,6,Right-handed, right side
Second,7,3,7,Right-handed, back
Second,6,5,7,Right-handed, left side
Second,4,8,5.5,Right-handed, back
Second,6,5,6,Right-handed, back
Second,8,12,7.5,Right-handed, left side
Second,8,10,7,Right-handed, right side
Second,6,4,6,Right-handed, stomach
Second,4,5,6,Right-handed, back
Second,3,10,7.5,Right-handed, back
Second,5,2,7,Right-handed, right side
Second,7,5,9,Right-handed, stomach
Second,8,4,6,Right-handed, right side
Second,9,10,8,Right-handed, right side
Second,7,8,7,Right-handed, stomach
Second,4,5,8.5,Right-handed, back
Second,5,3,8,Right-handed, stomach
Second,3,5,6,Right-handed, back
Second,8,3,8,Right-handed, back
Second,5,6,8,Right-handed, left side
Second,8,7,6,Right-handed, stomach
Second,3,4,7,Right-handed, left side
Second,5,3,7,Right-handed, left side
Second,6,3,6,Right-handed, right side
Second,5,5,7,Right-handed, right side
Second,7,6,5,Right-handed, stomach
Second,5,6,7,Right-handed, right side
Second,3,5,6,Right-handed, right side
Second,3,6,8,Right-handed, left side
Second,3,4,8,Right-handed, left side
Second,7,4,7.5,Right-handed, left side
Second,5,2,8,Right-handed, stomach
Second,6,10,7,Right-handed, stomach
Second,6,15,6,Right-handed, back
Second,10,5,5,Right-handed, back
Second,5,3,7,Right-handed, right side
Second,7,5,8,Right-handed, left side
Second,5,4,7,Right-handed, stomach
Second,9,20,7,Right-handed, back
Second,7,25,7.5,Right-handed, right side
Second,3,2,8,Right-handed, stomach
Second,3,5,6,Right-handed, right side
Second,7,15,7,Right-handed, right side
Second,7,5,7,Right-handed, stomach
Second,4,6,6,Right-handed, stomach
Second,4,5,7,Right-handed, back
Second,7,20,7.5,Right-handed, right side
Second,2,2,7,Right-handed, left side
Second,4,3,9,Right-handed, back
Second,8,10,8,Right-handed, right side
Second,9,15,8,Right-handed, back
Second,6,5,8,Right-handed, stomach
Second,7,15,7,Right-handed, right side
Second,5,5,7,Right-handed, left side
Second,6,6,6,Right-handed, left side
Second,7,8,7,Right-handed, back
Second,7,5,7,Right-handed, left side
Second,5,10,7,Right-handed, right side
Second,6,6,8,Right-handed, back
Second,5,5,7,Right-handed, left side
Second,3,10,6,Right-handed, right side
Second,3,2,6,Right-handed, right side
Second,4,5,7,Right-handed, right side
Second,8,5,7,Right-handed, back
Second,4,5,7,Right-handed, right side
Second,7,4,6.5,Right-handed, right side
Second,7,15,7,Right-handed, left side
Second,7,5,8,Right-handed, left side
Second,7,7,6,Right-handed, left side
Second,5,15,8,Right-handed, left side
Second,4,4,7,Right-handed, right side
Second,4,22,9,Right-handed, right side
Second,4,5,9,Right-handed, right side
Second,7,10,7,Right-handed, left side
Second,8,6,7,Right-handed, right side
Second,2,3,7,Right-handed, stomach
Second,8,10,7,Right-handed, left side
Second,5,7,7,Right-handed, right side
Second,8,10,7,Right-handed, left side
Second,5,5,8,Right-handed, right side
Second,6,5,7,Right-handed, left side
Second,9,5,4,Right-handed, left side
Second,3,2,7,Right-handed, back
Second,8,3,7,Right-handed, back
Second,7,6,7,Right-handed, stomach
Second,5,3,7,Right-handed, left side
Second,8,12,6,Right-handed, right side
Second,9,15,8,Right-handed, stomach
Second,9,20,7,Right-handed, right side
Second,8,10,6,Right-handed, back
Second,4,5,7,Right-handed, left side
Second,7,6,7,Right-handed, right side
Second,9,10,7,Right-handed, back
Second,9,20,7,Right-handed, right side
Second,6,10,7,Right-handed, left side
Second,5,4,7,Right-handed, right side
Second,7,20,7,Right-handed, back
Second,9,5,7,Right-handed, left side
Second,6,3,7,Right-handed, stomach
Second,7,10,8,Right-handed, stomach
Second,5,10,8,Right-handed, left side
Second,10,10,6,Right-handed, right side
Second,6,5,7,Right-handed, stomach
Second,6,20,7,Right-handed, stomach
Second,10,6,8,Right-handed, right side
Second,4,3,5,Right-handed, back
Second,7,11,7,Right-handed, stomach
Second,7,8,6,Right-handed, right side
Second,4,5,7.5,Right-handed, stomach
Second,3,4,6,Right-handed, left side
Second,7,15,7,Right-handed, left side
Second,6,10,6,Right-handed, right side
Second,7,5,7,Right-handed, right side
Second,7,7,7,Right-handed, right side
Second,7,5,6,Right-handed, stomach
Second,5,4,7,Right-handed, left side
Second,4,10,6,Right-handed, right side
Second,8,10,8,Right-handed, right side
Second,8,15,6,Right-handed, back
Second,5,4,7,Right-handed, stomach
Second,6,4,6,Right-handed, back
Second,6,8,7,Right-handed, back
Second,6,18,7,Right-handed, back
Second,3,6,7,Right-handed, left side
Second,4,3,7,Right-handed, right side
Second,10,25,8,Right-handed, left side
Second,9,5,7,Right-handed, left side
Second,10,20,7,Right-handed, right side
Second,4,3,7.5,Right-handed, right side
Second,5,4,7,Right-handed, right side
Second,7,15,6,Right-handed, left side
Second,2,10,7,Right-handed, stomach
Second,6,10,6,Right-handed, left side
Second,8,10,6,Right-handed, stomach
Second,7,8,8,Right-handed, right side
Second,4,12,6,Right-handed, back
Second,4,2,6,Right-handed, right side
Second,9,8,6,Right-handed, left side
Second,5,4,6,Right-handed, right side
Second,9,10,7,Right-handed, stomach
Second,3,5,7,Right-handed, left side
Second,8,20,8.5,Right-handed, back
Second,7,7,7,Right-handed, back
Second,4,12,4,Right-handed, left side
Second,4,3,7,Right-handed, right side
Second,3,5,6,Right-handed, left side
Second,4,10,7,Right-handed, left side
Second,7,5,7,Right-handed, back
Second,7,10,8,Right-handed, right side
Second,8,8,6.5,Right-handed, stomach
Second,5,4,8,Right-handed, stomach
Second,5,10,8,Right-handed, back
Second,8,10,7,Right-handed, right side
Second,5,7,6,Right-handed, right side
Second,7,5,7,Right-handed, stomach
Second,9,15,6,Right-handed, left side
Second,8,5,6,Right-handed, right side
Second,4,2,7,Right-handed, back
Second,3,5,8,Right-handed, right side
Second,6,10,6,Right-handed, stomach
Second,5,4,7,Right-handed, stomach
Second,6,10,8,Right-handed, back
Second,8,3,8,Right-handed, stomach
Second,7,8,7,Right-handed, right side
Second,7,6,7,Right-handed, left side
Second,7,3,7,Right-handed, right side
Second,8,10,6,Right-handed, right side
Second,6,5,6,Right-handed, stomach
Second,8,6,6,Right-handed, left side
Second,8,10,8,Right-handed, back
Second,9,21,8,Right-handed, stomach
Second,8,10,8,Right-handed, left side
Second,4,3,4,Right-handed, stomach
Second,7,8,7,Right-handed, back
Second,9,20,7,Right-handed, right side
Second,7,15,9,Right-handed, stomach
Second,7,10,7,Right-handed, back
Second,5,7,6,Right-handed, back
Second,9,20,6,Right-handed, back
Second,8,20,7,Right-handed, right side
Second,6,8,6,Right-handed, left side
Second,7,5,6,Right-handed, back
Second,2,6,6,Right-handed, stomach
Second,5,5,8,Right-handed, back
Second,5,1,6,Right-handed, back
Second,3,3,6.5,Right-handed, left side
Second,2,3,6,Right-handed, stomach
Second,8,5,7,Right-handed, back
Second,3,5,6,Right-handed, back
Second,8,7,7.7,Right-handed, stomach
Second,8,10,7,Right-handed, stomach
Second,6,10,7,Right-handed, left side
Second,5,6,8,Right-handed, back
Second,5,7,7,Right-handed, stomach
Second,2,2,5.5,Right-handed, back
Second,8,50,7,Right-handed, left side
Second,4,4,6,Right-handed, back
Second,9,20,7.5,Right-handed, back
Second,2,3,6,Right-handed, back
Second,7,10,7,Right-handed, left side
Second,4,10,6,Right-handed, back
Second,8,8,6,Right-handed, right side
Second,4,2,5,Right-handed, back
Second,9,3,7,Right-handed, back
Second,8,6,6,Right-handed, back
Second,3,5,6,Right-handed, back
Second,4,12,6.5,Right-handed, back
Second,8,6,6,Right-handed, back
Second,7,5,6,Right-handed, back
Second,8,15,8,Right-handed, back
Second,9,6,7,Right-handed, stomach
Second,7,6,6,Right-handed, stomach
Second,6,5,7,Right-handed, back
Second,6,10,6,Right-handed, right side
Second,5,10,8,Right-handed, stomach
Second,8,10,6,Right-handed, left side
Second,2,4,7,Right-handed, left side
Second,7,7,7,Right-handed, stomach
Second,9,20,8,Right-handed, stomach
Second,7,10,7,Right-handed, back
Second,4,5,6,Right-handed, stomach
Second,4,10,6,Right-handed, right side
Second,1,1,5,Right-handed, left side
Second,8,6,7,Right-handed, right side
Second,1,10,7,Right-handed, right side
Second,4,12,6,Right-handed, right side
Second,8,10,6,Right-handed, stomach
Second,7,7,6,Right-handed, left side
Second,6,10,7,Right-handed, right side
Second,4,10,8,Right-handed, right side
Second,10,15,7,Right-handed, right side
Second,9,2,5,Right-handed, back
Second,5,15,8,Right-handed, stomach
Second,10,15,7,Right-handed, right side
Second,8,10,8,Right-handed, back
Second,7,10,7,Right-handed, right side
Second,5,3,7,Right-handed, stomach
Second,5,3,8,Right-handed, left side
Second,7,3,6,Right-handed, right side
Second,10,20,6.5,Right-handed, left side
Second,4,3,7,Right-handed, right side
Second,7,6,7,Right-handed, stomach
Third,7,10,9,Right-handed, right side
Third,5,3,7,Right-handed, right side
Third,4,15,7,Right-handed, left side
Third,3,2,7,Right-handed, right side
Third,1,1,9,Right-handed, right side
Third,8,20,7,Right-handed, back
Third,4,2,8,Right-handed, right side
Third,7,5,8,Right-handed, right side
Third,3,4,8,Right-handed, right side
Third,7,3,6,Right-handed, back
Third,5,5,7,Right-handed, back
Third,8,10,6,Right-handed, back
Third,8,2,7,Right-handed, back
Third,6,7,8,Right-handed, back
Third,4,5,8,Right-handed, left side
Third,4,15,8,Right-handed, back
Third,7,5,7,Right-handed, right side
Third,2,2,7,Right-handed, back
Third,3,7,7,Right-handed, back
Third,4,5,5,Right-handed, stomach
Third,4,10,7,Right-handed, right side
Third,6,3,7,Right-handed, right side
Third,6,10,7,Right-handed, stomach
Third,9,6,8,Right-handed, left side
Third,5,2,8,Right-handed, right side
Third,1,3,8,Right-handed, back
Third,5,3,8,Right-handed, back
Third,9,10,7.5,Right-handed, right side
Third,9,5,8,Right-handed, back
Third,1,5,6,Right-handed, left side
Third,3,4,6.5,Right-handed, right side
Third,5,3,5,Right-handed, stomach
Third,4,5,8,Right-handed, right side
Third,7,4,6,Right-handed, right side
Third,5,2,7,Right-handed, right side
Third,2,3,7,Right-handed, back
Third,5,8,8,Right-handed, back
Third,3,4,8,Right-handed, left side
Third,4,5,6,Right-handed, right side
Third,1,10,8,Right-handed, right side
Third,7,13,8.5,Right-handed, stomach
Third,6,3,8.5,Right-handed, right side
Third,8,10,7,Right-handed, left side
Third,8,10,8,Right-handed, left side
Third,7,10,7,Right-handed, stomach
Third,4,3,6,Right-handed, left side
Third,8,3,5,Right-handed, right side
Third,7,3,7,Right-handed, left side
Third,4,10,7,Right-handed, right side
Third,3,3,8,Right-handed, stomach
Third,5,2,6,Right-handed, right side
Third,5,3,6,Right-handed, left side
Third,8,5,8,Right-handed, right side
Third,7,4,8,Right-handed, left side
Third,8,5,7,Right-handed, right side
Third,5,5,7,Right-handed, stomach
Third,6,10,8,Right-handed, stomach
Third,7,7,8,Right-handed, right side
Third,5,8,7,Right-handed, stomach
Third,3,3,6,Right-handed, right side
Third,4,3,6,Right-handed, right side
Third,6,4,7,Right-handed, right side
Third,3,3,8,Right-handed, back
Third,7,3,7,Right-handed, back
Third,9,10,8,Right-handed, right side
Third,6,5,8,Right-handed, left side
Third,5,4,7.5,Right-handed, right side
Third,2,3,7,Right-handed, left side
Third,3,4,6,Right-handed, back
Third,3,1,6,Right-handed, stomach
Third,8,10,7,Right-handed, left side
Third,3,3,8,Right-handed, right side
Third,5,0,5,Right-handed, right side
Third,6,5,7,Right-handed, left side
Third,4,5,7,Right-handed, left side
Third,6,1,7,Right-handed, back
Third,8,4,7,Right-handed, back
Third,7,3,7,Right-handed, left side
Third,8,5,7,Right-handed, stomach
Third,8,9,8,Right-handed, back
Third,5,5,8,Right-handed, back
Third,4,6,8,Right-handed, right side
Third,6,5,8,Right-handed, left side
Third,5,4,7,Right-handed, back
Third,5,4,7,Right-handed, back
Third,5,3,7,Right-handed, right side
Third,3,4,7,Right-handed, back
Third,6,5,7,Right-handed, right side
Third,5,5,6,Right-handed, stomach
Third,8,6,6,Right-handed, back
Third,5,5,7,Right-handed, left side
Third,4,5,6.5,Right-handed, left side
Third,7,6,8,Right-handed, back
Third,8,10,7,Right-handed, left side
Third,7,7,6,Right-handed, right side
Third,3,2,7,Right-handed, left side
Third,5,6,6,Right-handed, right side
Third,2,2,8,Right-handed, right side
Third,2,3,8,Right-handed, back
Third,5,30,8,Right-handed, right side
Third,7,4,9,Right-handed, left side
Third,4,5,8,Right-handed, stomach
Third,9,10,7,Right-handed, left side
Third,6,6,6,Right-handed, back
Third,4,4,8,Right-handed, left side
Third,10,20,7,Right-handed, back
Third,5,0,7,Right-handed, back
Third,8,4,7,Right-handed, right side
Third,7,5,7.5,Right-handed, right side
Third,5,3,7,Right-handed, right side
Third,2,3,6,Right-handed, right side
Third,8,15,7,Right-handed, stomach
Third,3,8,6,Right-handed, right side
Third,9,20,7.5,Right-handed, back
Third,2,4,6,Right-handed, stomach
Third,6,6,7,Right-handed, left side
Third,1,1,6,Right-handed, stomach
Third,5,20,7,Right-handed, left side
Third,7,3,8,Right-handed, back
Third,4,4,7,Right-handed, back
Third,10,25,7.5,Right-handed, right side
Third,8,4,9,Right-handed, left side
Third,9,5,7,Right-handed, left side
Third,6,4,5,Right-handed, right side
Third,4,5,7,Right-handed, back
Third,9,8,7,Right-handed, left side
Third,6,5,5,Right-handed, left side
Third,8,7,6,Right-handed, back
Third,6,12,8,Right-handed, back
Third,9,30,7,Right-handed, back
Third,6,4,7,Right-handed, stomach
Third,6,3,7,Right-handed, left side
Third,3,3,6,Right-handed, back
Third,8,12,7,Right-handed, right side
Third,4,12,7,Right-handed, left side
Third,3,3,6,Right-handed, stomach
Third,3,1,8,Right-handed, left side
Third,8,6,7,Right-handed, back
Third,5,9,7,Right-handed, right side
Third,3,8,6,Right-handed, left side
Third,6,10,7,Right-handed, stomach
Third,4,3,6,Right-handed, back
Third,9,3,8,Right-handed, back
Third,3,1,5,Right-handed, right side
Third,6,2,6,Right-handed, left side
Third,6,10,7,Right-handed, right side
Third,6,4,7,Right-handed, back
Third,6,5,7,Right-handed, stomach
Third,5,10,7,Right-handed, back
Third,7,10,7,Right-handed, left side
Third,6,5,7,Right-handed, left side
Third,7,10,7,Right-handed, back
Third,7,5,6,Right-handed, right side
Third,7,5,6,Right-handed, left side
Third,5,3,9,Right-handed, left side
Third,4,3,7,Right-handed, right side
Third,6,3,7,Right-handed, back
Third,6,6,5,Right-handed, stomach
Third,4,6,8,Right-handed, right side
Third,8,10,7.5,Right-handed, stomach
Third,7,4,8,Right-handed, stomach
Third,8,7,8,Right-handed, back
Third,4,4,8,Right-handed, stomach
Third,7,15,4,Right-handed, left side
Third,6,10,6,Right-handed, left side
Third,9,2,7,Right-handed, left side
Third,3,5,7,Right-handed, left side
Third,4,5,9,Right-handed, left side
Third,6,3,8,Right-handed, stomach
Third,4,5,6.5,Right-handed, stomach
Third,4,3,8,Right-handed, back
Third,5,6,8,Right-handed, back
Third,2,3,6,Right-handed, right side
Third,4,7,8,Right-handed, right side
Third,4,4,7,Right-handed, right side
Third,8,5,8,Right-handed, left side
Third,8,7,7,Right-handed, right side
Third,2,5,6,Right-handed, stomach
Third,7,5,7,Right-handed, stomach
Third,5,4,7,Right-handed, back
Third,3,3,7,Right-handed, back
Third,3,2,7,Right-handed, back
Third,7,6,8,Right-handed, left side
Third,9,8,8,Right-handed, back
Third,3,6,7,Right-handed, stomach
Third,5,8,8,Right-handed, right side
Third,10,12,8,Right-handed, right side
Third,4,5,7,Right-handed, left side
Third,8,4,7,Right-handed, right side
Third,7,8,6,Right-handed, back
Third,4,5,7,Right-handed, right side
Third,3,2,7,Right-handed, left side
Third,3,3,8,Right-handed, left side
Third,7,8,8.5,Right-handed, back
Third,2,1,7,Right-handed, left side
Third,5,2,5,Right-handed, right side
Third,7,10,7,Right-handed, right side
Third,2,3,5,Right-handed, right side
Third,6,10,7,Right-handed, right side
Third,3,4,8,Right-handed, right side
Third,8,4,7,Right-handed, stomach
Third,5,3,7,Right-handed, left side
Third,8,10,6,Right-handed, right side
Third,6,6,7,Right-handed, right side
Third,3,5,7,Right-handed, right side
Third,3,2,6,Right-handed, back
Third,4,8,6,Right-handed, right side
Third,5,5,8,Right-handed, right side
Third,5,5,7,Right-handed, left side
Third,7,15,8,Right-handed, back
Third,6,6,7,Right-handed, right side
Third,10,7,5,Right-handed, stomach
Third,8,12,7,Right-handed, back
Third,3,4,8,Right-handed, right side
Third,8,6,6,Right-handed, right side
Third,7,3,7,Right-handed, right side
Third,7,6,7,Right-handed, back
Third,7,20,10,Right-handed, left side
Third,6,4,4,Right-handed, right side
Third,8,5,7,Right-handed, stomach
Third,7,20,7,Right-handed, right side
Third,6,8,6.5,Right-handed, left side
Third,9,5,7,Right-handed, stomach
Third,5,4,6,Right-handed, right side
Third,8,7,7,Right-handed, back
Third,5,3,8,Right-handed, stomach
Third,8,10,7,Right-handed, right side
Third,3,5,10,Right-handed, right side
Third,5,10,8,Right-handed, right side
Third,8,4,7,Right-handed, left side
Third,4,3,9,Right-handed, stomach
Third,8,10,7,Right-handed, right side
Third,3,2,7,Right-handed, right side
Third,4,3,8,Right-handed, right side
Third,8,5,6,Right-handed, right side
Third,7,10,8,Right-handed, right side
Third,4,12,8,Right-handed, left side
Third,5,4,7,Right-handed, left side
Third,8,10,8,Right-handed, left side
Third,3,2,8,Right-handed, back
Third,7,10,5,Right-handed, left side
Third,7,15,7,Right-handed, stomach
Third,8,9,6,Right-handed, right side
Third,7,7,8,Right-handed, right side
Third,7,7,6,Right-handed, back
Third,6,15,7,Right-handed, back
Third,7,6,6,Right-handed, right side
Third,4,3,8,Right-handed, stomach
Third,5,10,8,Right-handed, right side
Third,4,2,8,Right-handed, left side
Third,4,6,7,Right-handed, right side
Third,5,10,6,Right-handed, left side
Third,7,10,7.5,Right-handed, left side
Third,7,4,8,Right-handed, right side
Third,3,3,6.5,Right-handed, left side
Third,8,11,6,Right-handed, stomach
Third,5,6,7,Right-handed, left side